Track ID,Track Name,Artist Name
content_42035_5c6aaba4b1335,A DANÃ‡A DO JOKA,JOKA FANTASMINHA
content_109067_5c6aaba4b1626,YU,TOLAKU
content_95983_5c6aaba4b1654,DU HAST MEIN HERZ GEBROCHEN (WILLKOMMEN BEI CARMEN NEBEL 31.01.2004),YVONNE CATTERFELD
content_5719_5c6aaba4b1682,TUNED TO A DIFFERENT STATION - DIRTY,DOGS
content_71496_5c6aaba4b16a5,AMERICAN LIFE,MADONNA
content_28529_5c6aaba4b16d5,SUMMERTIME,SAMMY ADAMS
content_213022_5c6aaba4b16f8,GROTER AS GROOT,KURT DARREN
content_64274_5c6aaba4b1719,ALIEN,PENNYWISE
content_117451_5c6aaba4b173a,LOST,SANDER VAN DOORN & MOTI
content_116248_5c6aaba4b175b,YOOHOO,DUSKY
